locus-pool	Category	chr_malaria	ampInsert_start	ampInsert_end	GeneID	Gene	Reason to include (if drug resistance: aminoacids)	Amino acid range (*: partial coverage of that aminoacid)	amplicon_id	amplicon_start	amplicon_end	fwd_primer	rev_primer
Pf3D7_02_v3-320652-320949-2	Diagnostic	Pf3D7_02_v3	320676	320924	PF3D7_0207900	sera2	long amplicon / diversity	65*-148*	PGD268_v4_2_SERA2_1	320652	320949	TTCTTTTTGGTGTTACGGGAGATG	CCAACTTTAGCTCAAGAAACACAAC
Pf3D7_03_v3-240957-241256-2	Diagnostic	Pf3D7_03_v3	240990	241224	PF3D7_0305100	PF3D7_0305100	long amplicon / diversity		PGD268_v4_2_PGD268-v2_Pf3D7_03_v3-240911-241092-for_2_1	240957	241256	AGGATACAATATATGATAAACCAAATCATCAGC	ATGTCTGATTACAGAAGAATAAAAATGAAGAA
Pf3D7_05_v3-615379-615678-2	Diagnostic	Pf3D7_05_v3	615412	615646			long amplicon / diversity		PGD268_v4_2_PGD268.v2_Pf3D7_05_v3-615252-615450-for_2_1	615379	615678	CCAGAAACAATGTCCATATTAAGTTTTGTATTA	AAAAATTAATAGACACCTTGGTTTGACTTTAC
Pf3D7_06_v3-857454-857753-2	Diagnostic	Pf3D7_06_v3	857487	857720			long amplicon / diversity		PGD268_v4_2_PGD268.v2_Pf3D7_06_v3-857674-857735-for_2_1	857454	857753	TTTTTGATGATGTCTTCCAAATTAAACGTAAAA	AGTTCTCTTGTTCTAATTTTGTAGACATATTTT
Pf3D7_08_v3-1365750-1365999-2	Diagnostic	Pf3D7_08_v3	1365783	1365968	PF3D7_0831700	hsp70	HRP2 deletion		PGD268_v4_2_PGD268_v3.pool1_Pf3D7_08_v3-1365886-1365947-for-pool2_1	1365750	1365999	TCTTGTAATGTGTTTTTAACATTATAGCAGTAA	CACAAATCGAAGTTACATTTGATATTGATGC
Pf3D7_08_v3-1366575-1366822-2	Diagnostic	Pf3D7_08_v3	1366600	1366795	PF3D7_0831700	hsp70	HRP2 deletion		PGD268_v4_2_PGD268_v3.pool1_Pf3D7_08_v3-1366752-1366813-for-pool2_1	1366575	1366822	GCTTGTGCGGATGATGATAATACAC	GATTTAGGAGGAGGAACATTTGATGTT
Pf3D7_08_v3-1370814-1371045-2	Diagnostic	Pf3D7_08_v3	1370847	1371012	NA	NA	HRP2 deletion		PGD268_v4_2_Pf3D7_08_v3-1370959-1370960_1	1370814	1371045	CCAAATAATATTTTGTGCAAATTCATTTTCTCA	GGTTGCTACAATATAGACAAAAAGAAATTAGTT
Pf3D7_08_v3-1375205-1375450-2	Diagnostic	Pf3D7_08_v3	1375238	1375418	PF3D7_0831800	hrp2	HRP2 deletion		PGD268_v4_2_Pf3D7_08_v3-1375210-1375410-for_1	1375205	1375450	TTTCTATTTGCAATTAAAATGCTTACGTTATCT	TTTCACTTCATGTATTTATGTATGCAGAACTT
Pf3D7_08_v3-1386786-1387035-2	Diagnostic	Pf3D7_08_v3	1386817	1387005	PF3D7_0832100	rifin	HRP2 deletion		PGD268_v4_2_PGD268_v3.pool1_Pf3D7_08_v3-1386850-1387035-for-pool2_1	1386786	1387035	TTTTTCTAACATAAGCGTGTTAGTAGTTTCA	GGTGTTCCATTGAAATCAATTATTAATGCA
Pf3D7_11_v3-1902041-1902278-2	Diagnostic	Pf3D7_11_v3	1902071	1902253	PF3D7_1147800	MAEBL	ch11		PGD268_v4_2_PGD268_v3.pool1_Pf3D7_11_v3-1902065-1902278-for-pool2_1	1902041	1902278	ACATATGTCTCTTCATTTATCAGACCTGAT	CTGCCCAAATACCCCAATAGTTATT
Pf3D7_11_v3-1950431-1950680-2	Diagnostic	Pf3D7_11_v3	1950460	1950650	PF3D7_1149000	Pf332	ch11		PGD268_v4_2_PGD268_v3.pool1_Pf3D7_11_v3-1950527-1950588-for-pool2_1	1950431	1950680	CGCATGGAATAGAAGTTTAGCTGATTATA	CAAAAATTGATCTTCTGTGTCATCTCTACT
Pf3D7_11_v3-1968050-1968296-2	Diagnostic	Pf3D7_11_v3	1968083	1968268	PF3D7_1149000	Pf332	ch11		PGD268_v4_2_PGD268_v3.pool1_Pf3D7_11_v3-1968139-1968200-for-pool2_1	1968050	1968296	CACATGTTAATAATATTAAGGAAAAGGCAATAG	ATATTGAATGAGACATTTTCTTCGCACT
Pf3D7_11_v3-2001725-2001999-2	Diagnostic	Pf3D7_11_v3	2001758	2001969	PF3D7_1149600	dnaJ	ch11		PGD268_v4_2_Pf3D7_11_v3-2001880-2002099-for_1	2001725	2001999	AAAAAGTTCCTAAAGAATCTAAAAATACCAGAA	ATCATCAACTTCTTTCCTATGTGATGTTTT
Pf3D7_13_v3-2770591-2770863-2	Diagnostic	Pf3D7_13_v3	2770623	2770830	PF3D7_1369500	PF3D7_1369500	HRP3 deletion		PGD268_v4_2_PGD268_v3.pool1_Pf3D7_13_v3-2770748-2770809-for-pool2_1	2770591	2770863	AAATATTTAGAAAACAATTTGAAAAGTGTGGC	ATTAATACATTTTTCAATTATCGAGGGTAAACT
Pf3D7_13_v3-2814583-2814832-2	Diagnostic	Pf3D7_13_v3	2814616	2814807	PF3D7_1371600	EBL-1	HRP3 deletion		PGD268_v4_2_PGD268_v3.pool1_Pf3D7_13_v3-2814709-2814770-for-pool2_1	2814583	2814832	CTATACCAATTACTCATATAGAAGCTGAAAAGG	CCTTGATTAGAGTCCTCATTTGCAT
Pf3D7_13_v3-2840447-2840746-2	Diagnostic	Pf3D7_13_v3	2840474	2840721	NA	NA	HRP3 deletion		PGD268_v4_2_PGD268_v3.pool1_Pf3D7_13_v3-2840467-2840631-for-pool2_1	2840447	2840746	ACAAAGACAGTAGAAAAATCGCTATCC	CGCATCACTTACACCATTAAATCCA
Pf3D7_13_v3-2841390-2841688-1B2	Diagnostic	Pf3D7_13_v3	2841411	2841661	PF3D7_1372200	HRP3	HRP3 deletion		PGD268_v4_1B_Pf3D7_13_v3-2841426-2844597-1_1	2841390	2841688	ACCTGCATGTGCTTGACTTTC	AAAAATAAAATATTATCCGCTGCCGTT
Pf3D7_13_v3-2844334-2844629-1B2	Diagnostic	Pf3D7_13_v3	2844355	2844599	NA	NA	HRP3 deletion		PGD268_v4_1B_Pf3D7_13_v3-2841426-2844597-2_1	2844334	2844629	ATGCTAGGTGTATACGCACAG	AACCTTATGAGACCCTCCTTTATATTTATC
Pf3D7_03_v3-221295-221532-2	Immune	Pf3D7_03_v3	221328	221511	PF3D7_0304600	csp	C-terminal	336-397	PGD268_v4_2_PF3D7_0304600-Cterm_1	221295	221532	ACAACTCAAACTAAGATGTGTTCTTTATCTAAT	ACTGAATGGTCCCCATGTAGT
Pf3D7_03_v3-980853-981120-2	Immune	Pf3D7_03_v3	980886	981092	PF3D7_0323400	ripr	985	959-1027*	PGD268_v4_2_PF3D7_0323400-AA985_1	980853	981120	ATTACCTGCTGTTGGATAATCATAATAAAATAC	CTGCTCTAGAAATTCAGAGTGTACATTT
Pf3D7_04_v3-1083299-1083563-2	Immune	Pf3D7_04_v3	1083332	1083530	PF3D7_0424100	Rh5	170, 197, 203, 204	138*-204	PGD268_v4_2_PF3D7_0424100-AA204_1	1083299	1083563	TTCATTTATTTTCTTAATAAAAGCATCTACAGC	TGTGAAAAATAATGAAGACTATAAAAATGTGGA
Pf3D7_04_v3-748585-748822-2	Resistance	Pf3D7_04_v3	748618	748789	PF3D7_0417200	dhfr-ts	185	177*-234	PGD268_v4_2_PF3D7_0417200-AA185_1	748585	748822	TTCCGTTGTTTATCAAGAATTTTTAGAAAAGAA	TTTTTCTTCTCCTTTTATACAATTTTGTTCATT
Pf3D7_07_v3-403487-403750-2	Resistance	Pf3D7_07_v3	403508	403717	PF3D7_0709000	crt	97	37*-107*	PGD268_v4_2_PF3D7_0709000-AA97_1	403487	403750	CAGATGGCTCACGTTTAGGTG	TTCCCTTTTTATTTCCAAATAAGGAATAAACAA
Pf3D7_07_v3-405517-405773-2	Resistance	Pf3D7_07_v3	405550	405743	PF3D7_0709000	crt	343, 350, 353	339*-366*	PGD268_v4_2_PF3D7_0709000-AA343_1	405517	405773	TCATTTTCTATGCTTTTTATAGATTATCGACAA	AAAATATGATACGTTGTACCATCATAAACA
Pf3D7_08_v3-550057-550318-2	Resistance	Pf3D7_08_v3	550090	550294	PF3D7_0810800	dhps	613	572*-640*	PGD268_v4_2_PF3D7_0810800-AA613_1	550057	550318	TTCTTGTATTAAATGGAATACCTCGTTATAGGA	ATCCAATTGTGTGATTTGTCCACA
Pf3D7_12_v3-2092654-2092884-2	Resistance	Pf3D7_12_v3	2092683	2092852	PF3D7_1251200	coronin	100	87*-144*	PGD268_v4_2_PF3D7_1251200-AA100_1	2092654	2092884	CTTGATTTGTCATTTAACCCGTGTTATAG	ATCCCATATATTAACAGAAGAATCAAAAGAGG
Pf3D7_13_v3-1725124-1725365-2	Resistance	Pf3D7_13_v3	1725152	1725336	PF3D7_1343700	k13	613	554*-616*	PGD268_v4_2_PF3D7_1343700-AA613_1	1725124	1725365	CCTGAACTTCTAGCTTCTAATAAGGCAT	GGATATGATGGCTCTTCTATTATACCGAA
Pf3D7_13_v3-1725379-1725652-2	Resistance	Pf3D7_13_v3	1725404	1725620	PF3D7_1343700	k13	515	460-532*	PGD268_v4_2_PF3D7_1343700-AA515_1	1725379	1725652	ATTCTACCATTTGACGTAACACCAC	GTGGATTTGATGGTGTAGAATATTTAAATTCG
Pf3D7_13_v3-1725887-1726123-2	Resistance	Pf3D7_13_v3	1725916	1726094	PF3D7_1343700	k13	NA	302-361*	PGD268_v4_2_PF3D7_1343700-AA252up_1	1725887	1726123	GTTGTGTTAAGGTATGTCTAGATGTTTCA	AAAAAGAAAAAGAAGAACATAGGAAACGA
Pf3D7_13_v3-1726174-1726408-2	Resistance	Pf3D7_13_v3	1726207	1726375	PF3D7_1362500	k13	NA	208*-264*	PGD268_v4_2_PF3D7_1362500-5PRIME1_1	1726174	1726408	TCATGTAATTTCTGTTCTTCAATATTTTTACGG	ATGATACTTATGAAAAGAAAATTATTGAAACGG
Pf3D7_14_v3-294503-294768-2	Resistance	Pf3D7_14_v3	294535	294741	PF3D7_1408000	pm2	cnv	355*-424*	PGD268_v4_2_Pf3D7_14_v3-294676-294826-for_1	294503	294768	ACTGTACCAACTGACTTTTTAAATAAAATGTT	TATTTTCTCATGAATGGGTCACCTAGA